,collection_name,collection_slug,contract
249,0N1 Force,0N1_Force,0x3bf2922f4520a8ba0c2efc3d2a1539678dad5e9d
6,3L-Biomes,3L-Biomes,0xec7726b20f93e7a5e8c4306e1850ca9c0310254a
671,3NTITY-8PIRIT,3NTITY-8PIRIT,0x919281fb2e6267eaeafc711c3a20f711609c7854
840,8SIAN,8SIAN,0x198478f870d97d62d640368d111b979d7ca3c38f
711,AKCPETS,AKCPETS,0xd4c3c23349348fa67f6d044f1357c54d8e6a661b
682,ALIENFRENS,ALIENFRENS,0x123b30e25973fecd8354dd5f41cc45a3065ef88c
535,ALPACADABRAZ,ALPACADABRAZ,0x3db5463a9e2d04334192c6f2dd4b72def4751a61
22,Akutars,Akutars,0xaad35c2dadbe77f97301617d82e661776c891fa9
778,Alien Secret Society,Alien_Secret_Society,0x62d8ae32b0e6964d2126716cf3da70c2bd062d94
867,AlienApeYachtClub,AlienApeYachtClub,0xc4df6018f90f91bad7e24f89279305715b3a276f
853,Alpha Girl Club,Alpha_Girl_Club,0x8c5029957bf42c61d19a29075dc4e00b626e5022
169,AngelsOfAether,AngelsOfAether,0xa57e6c1b3154016933b739ca2cd895a1b617dbb4
588,Angry Ape Army,Angry_Ape_Army,0x77640cf3f89a4f1b5ca3a1e5c87f3f5b12ebf87e
600,Angry Apes United,Angry_Apes_United,0x9546eeb89df8f010da4953c2ef456e282b3db25a
396,Angry Boars,Angry_Boars,0xa66cc78067fd1e6aa3eec4ccdff88d81527f92c1
567,Animal Society,Animal_Society,0xce82d65314502ce39472a2442d4a2cbc4cb9f293
799,Apocalyptic Apes,Apocalyptic_Apes,0xf793a77e32a0e5c0cd28383e1e04bbc66ee52438
1024,Apocalyptic Queens,Apocalyptic_Queens,0x1417404d0d92f9d21b046afbaa9d1c4e17c4c723
827,Ascended NFT,Ascended_NFT,0x496299d8497a02b01f5bc355298b0a831f06c522
1006,Atlantic Voyage Ape Club,Atlantic_Voyage_Ape_Club,0xf169fdc02b9a4009a8307497e5fce2999024e0c7
599,AuctionMintContract,AuctionMintContract,0xea5f32ed4044c44c44ab833d8071e672aad142ff
447,Avarik Saga,Avarik_Saga,0x127e479ac59a1ea76afdedf830fecc2909aa4cae
953,AzukiApeSocialClub,AzukiApeSocialClub,0x813b5c4ae6b188f4581aa1dfdb7f4aba44aa578b
748,BDUCK,BDUCK,0x71e7afa8b3ab8e83011ce7bbbdcd76ccd7cb0660
755,BUTTHEADS,BUTTHEADS,0xafed2f17c749ed2705a558966cbbb343ff09e02d
124,BYOPills,BYOPills,0xbd275ce24f32d6ce4e9d9519c55abe9bc0ed7fcf
899,Bad Bears,Bad_Bears,0x5e4aab148410de1cb50cdcd5108e1260cc36d266
383,Bad Kids Alley,Bad_Kids_Alley,0x4498118b7e1ab8bc9352037cf71f66b3151f4351
737,Baller Bears,Baller_Bears,0x838e240c0fcbd12fbffdb327d35a32dd2e73c7ea
446,Bastard Penguins,Bastard_Penguins,0x350b4cdd07cc5836e30086b993d27983465ec014
26,Beanz,Beanz,0x306b1ea3ecdf94ab739f1910bbda052ed4a9f949
566,BearX,BearX,0xe22e1e620dffb03065cd77db0162249c0c91bf01
10,Blvck Genesis,Blvck_Genesis,0x83b070e842adba2397113c4bca70c00d7df00729
20,Boneheadz,Boneheadz,0x010a45801ee731e016aaaa68ee570b9950be0e37
618,Boonji Project,Boonji_Project,0x4cd0ea8b1bdb5ab9249d96ccf3d8a0d3ada2bc76
793,Bored Breakfast Club,Bored_Breakfast_Club,0x7c4fa5d6a6ad98195ec60678ac4048e5531618c6
93,BoredApeKennelClub,BoredApeKennelClub,0xba30e5f9bb24caa003e9f2f0497ad287fdf95623
76,BoredApeYachtClub,BoredApeYachtClub,0xbc4ca0eda7647a8ab7c2061c2e118a18a936f13d
409,Boss Beauties,Boss_Beauties,0xb5c747561a185a146f83cfff25bdfd2455b31ff4
622,BrokeBoyz,BrokeBoyz,0xf8ef0631aa8150aee8cfb4db3fa27e81d78df620
961,Budverse Cans - Heritage Edition,Budverse_Cans_-_Heritage_Edition,0xd6f4a923e2ecd9ab7391840ac78d04bfe40bd5e1
774,Bulldroids,Bulldroids,0xb0a747d220f3f793e1e16bf068f27c3aa3eb7a44
508,BullsOnTheBlock Evo,BullsOnTheBlock_Evo,0x6069a6c32cf691f5982febae4faf8a6f3ab2f0f6
559,Bushidos,Bushidos,0xd2aad45015090f8d45ad78e456b58dd61fb7cd79
255,CHIBI DINOS,CHIBI_DINOS,0xe12edaab53023c75473a5a011bdb729ee73545e8
861,CHROME kids,CHROME_kids,0x5d96aa26d15379f7a546fe0f698abca74c1c5369
632,COOLDOGS,COOLDOGS,0x56681458e00cafe1206313d2d033946f458fdefd
763,CROAKZ,CROAKZ,0x7cae7b9b9a235d1d94102598e1f23310a0618914
930,Candy Hunters,Candy_Hunters,0x89c9c2e4ebeff6903223b062458e11e56636f838
449,Capsule,Capsule,0xfcb1315c4273954f74cb16d5b663dbf479eec62e
950,Celestials ETH,Celestials_ETH,0x80581ea8339d682ca5a71e3f561e3ab0e270398e
733,Champions,Champions,0x97a923ed35351a1382e6bcbb5239fc8d93360085
352,Chibi Apes,Chibi_Apes,0xc49a9ab342b6ea66792d4110e9ca0ab36e3a5674
591,Chibi Galaxy,Chibi_Galaxy,0x5aeb2a703323f69b20f397bcb7b38610ec37237b
1007,Chill Bear Club,Chill_Bear_Club,0xc7b76846de3db54db45c8b5debcabff4b0834f78
274,Chill Frogs,Chill_Frogs,0xa3b7cee4e082183e69a03fc03476f28b12c545a7
590,Chubbiverse Frens,Chubbiverse_Frens,0x42f1654b8eeb80c96471451b1106b63d0b1a9fe1
769,ChubbyKaijuDAO,ChubbyKaijuDAO,0x65b28ed75c12d8ce29d892de9f8304a6d2e176a7
851,CloneX,CloneX,0x49cf6f5d44e70224e2e23fdcdd2c053f30ada28b
103,Cool Cats,Cool_Cats,0x1a92f7381b9f03921564a437210bb9396471050c
817,Cool Monkes,Cool_Monkes,0x716039ab9ce2780e35450b86dc6420f22460c380
572,Cosmic Labs,Cosmic_Labs,0x96316355c44be69414756d6706c61e61aecbd5f3
570,CosmicCowGirls,CosmicCowGirls,0x5fba17737ee4809230946115c0e8a418bce70acc
927,CosmicTrippies,CosmicTrippies,0xc934e429360e2b55d5ba95751d31d3da1e3410cd
762,CrankyCritters,CrankyCritters,0xd3a517536da3491db848d260c1f3d81883b1aa7a
815,CrashTestJoyride,CrashTestJoyride,0x3bf42951001bb7cb3cc303068fe87debf696ee3d
739,Crazy Babies,Crazy_Babies,0x65f18d5c9faa70f1dd1617d287c8970c18c54dbd
822,Crookz,Crookz,0x7da30048214e112dbc41a645e37f9640ac62799e
196,Crypto Cannabis Club,Crypto_Cannabis_Club,0x80a4b80c653112b789517eb28ac111519b608b19
406,Crypto Chicks,Crypto_Chicks,0x1981cc36b59cffdd24b01cc5d698daa75e367e04
348,CryptoDads,CryptoDads,0xecdd2f733bd20e56865750ebce33f17da0bee461
975,CryptoJanky,CryptoJanky,0x066f2d5ead7951f0d0038c19affd500b9f02c0e5
597,CryptoMories,CryptoMories,0x1a2f71468f656e97c2f86541e57189f59951efe7
58,CryptoNinjaPartners,CryptoNinjaPartners,0x845a007d9f283614f403a24e3eb3455f720559ca
178,CryptoSkulls,CryptoSkulls,0xc1caf0c19a8ac28c41fe59ba6c754e4b9bd54de9
347,Cryptoadz,Cryptoadz,0x1cb1a5e65610aeff2551a50f76a87a7d3fb649c6
730,CryptoonGoonz,CryptoonGoonz,0x0322f6f11a94cfb1b5b6e95e059d8deb2bf17d6a
33,CyberBrokers,CyberBrokers,0x892848074ddea461a15f337250da3ce55580ca85
89,CyberKongz,CyberKongz,0x57a204aa1042f6e66dd7730813f4024114d74f37
228,CyberKongz VX,CyberKongz_VX,0x7ea3cca10668b8346aec0bf1844a49e995527c8b
575,CyberPunk,CyberPunk,0x9d5ed1b12e2bb47e3bddcc3638376b792b94530b
923,DEGEN TOONZ,DEGEN_TOONZ,0x19b86299c21505cdf59ce63740b240a9c822b5e4
44,DGFamily Glass,DGFamily_Glass,0x68f4ba8018216542ac2ab8125166be66304dd71c
648,DOGE DASH,DOGE_DASH,0x44357cb1fc60fd5c6e3e673f6b71b38baf83d386
484,DarkHorizon,DarkHorizon,0xd46814b736db3c6feed576a59e3ff140075c9e0a
828,Dead Army Skeleton Klub,Dead_Army_Skeleton_Klub,0x19d84b2a4b21910339af097a1bddb48682d6f47d
236,DeadFellaz,DeadFellaz,0x2acab3dea77832c09420663b0e1cb386031ba17b
699,Deathbats Club,Deathbats_Club,0x1d3ada5856b14d9df178ea5cab137d436dc55f1d
202,Deebies,Deebies,0x400e2073b4ac13d6f11c15697df7fc609db93809
486,Deez Nuts,Deez_Nuts,0xb1469271ff094d7fb2710b0a69a80a01ec5dbf24
698,DemiHuman,DemiHuman,0xa6916545a56f75acd43fb6a1527a73a41d2b4081
937,Dented Feels,Dented_Feels,0xc5e55e4bd5fef12831b5a666fc9e391538acdc45
552,Desperate ApeWives,Desperate_ApeWives,0xf1268733c6fb05ef6be9cf23d24436dcd6e0b35e
573,Diamond Crypto Dunks,Diamond_Crypto_Dunks,0xf0b23d4738ed2c7d89a13d3391ae4e9a8ccf0e44
474,Dirtybird Flight Club,Dirtybird_Flight_Club,0xa45ef87f51b84dbd0d5b003d288b16d3d044fe6f
777,Dizzy Demons,Dizzy_Demons,0x47c4d346fba5ca14dd31507e346458160630f45a
657,Doodle Labs Gen Art,Doodle_Labs_Gen_Art,0x28f2d3805652fb5d359486dffb7d08320d403240
873,Doodle Rooms,Doodle_Rooms,0x5426c860c9e660145ad09d3fb26427e5fd4569e9
643,Doodled Punks,Doodled_Punks,0xf21d1b31b15282592ff0e48f7b474b57ae418361
560,Dreamers,Dreamers,0x10064373e248bc7253653ca05df73cf226202956
888,DumpsterDorks,DumpsterDorks,0x0e3d26a95ecb40778f43f28abe110c17673b89de
663,DuskBreakers,DuskBreakers,0x0beed7099af7514ccedf642cfea435731176fb02
726,DystoApez,DystoApez,0x648e8428e0104ec7d08667866a3568a72fe3898f
653,EGGTOMATONS,EGGTOMATONS,0x22b4da0a3bda3eb6a6adb278fac894386a361f73
478,ETHEREALS,ETHEREALS,0xfc778be06c9a58f8f3e5e99216efbb28f750bc98
760,ETHERMINATORS,ETHERMINATORS,0x5d703533d86de1a55f4ba25b2789848c89723a6b
57,Edenhorde,Edenhorde,0x9eeaecbe2884aa7e82f450e3fc174f30fc2a8de3
548,Ether Cards Founder,Ether_Cards_Founder,0x97ca7fe0b0288f5eb85f386fed876618fb9b8ab8
747,Expandables,Expandables,0xd00e79629e2053d837285c74a0ec09f51b33c141
918,EyesofFashionNFT,EyesofFashionNFT,0xef9e3414339a236cbfc8bf84c7fac24c2513b317
54,FLUF,FLUF,0xccc441ac31f02cd96c153db6fd5fe0a2f4e6a68d
73,FOMO MOFOS,FOMO_MOFOS,0x818a19a6d3f0859b68e8490a6e945a51060caad1
53,FameLadySquad,FameLadySquad,0xf3e6dbbe461c6fa492cea7cb1f5c5ea660eb1b47
764,Fancy Bears,Fancy_Bears,0x87084ec881d5a15c918057f326790db177d218f2
1030,FatCats,FatCats,0xedf6d3c3664606fe9ee3a9796d5cc75e3b16e682
847,Fishy Fam,Fishy_Fam,0x63fa29fec10c997851ccd2466dad20e51b17c8af
695,Five Penguins,Five_Penguins,0x697e0a5e2a6be117760d192a03fac688e774efcf
926,Floppy,Floppy,0x55451e74a3dd670789cbb63748550fe009f0b9e2
462,Fly Frogs,Fly_Frogs,0x31d4da52c12542ac3d6aadba5ed26a3a563a86dc
107,ForgottenRunesWizardsCult,ForgottenRunesWizardsCult,0x521f9c7505005cfa19a8e5786a9c3c9c9f5e6f42
494,FoxFam,FoxFam,0x7cba74d0b16c8e18a9e48d3b7404d7739bb24f23
831,FrankenPunks,FrankenPunks,0x1fec856e25f757fed06eb90548b0224e91095738
72,Frenly Pandas,Frenly_Pandas,0x4bb08998a697d0db666783ba5b56e85b33ba262f
1011,FroyoKittens,FroyoKittens,0x22d4c35a4f2b229a928b1b569b2f60225976426a
105,FuckingPickles,FuckingPickles,0xf78296dfcf01a2612c2c847f68ad925801eeed80
734,Fyat Lux,Fyat_Lux,0x14c4471a7f6dcac4f03a81ded6253eaceff15b3d
952,GAMA Space Station v2,GAMA_Space_Station_v2,0xa142c94656fc57b4a8aa725341a2b496df375da7
791,GEMMA,GEMMA,0xc7d84b7d4a04abcb9ade97b8af212423f51d2aea
61,GOBLIN GRLZ,GOBLIN_GRLZ,0x75335297cb5029c2a9acb2b47507f18ffd48e96c
619,GalaXY Kats,GalaXY_Kats,0x71c4658acc7b53ee814a29ce31100ff85ca23ca7
445,Galactic Apes,Galactic_Apes,0x12d2d1bed91c24f878f37e66bd829ce7197e4d14
692,Galaktic Gang,Galaktic_Gang,0xf4cd7e65348deb24e30dedee639c4936ae38b763
914,Galaxy-Warriors,Galaxy-Warriors,0xdfb22066b609da04eddd6bda885b18d0b2153150
659,GalaxyEggs,GalaxyEggs,0xa08126f5e1ed91a635987071e6ff5eb2aeb67c48
331,Gambling Apes,Gambling_Apes,0x90ca8a3eb2574f937f514749ce619fdcca187d45
525,Gawds,Gawds,0x3769c5700da07fe5b8eee86be97e061f961ae340
935,Geisha Tea House,Geisha_Tea_House,0x2abb22d74dbc2b0f3c9bac9f173ef35ddb2c0809
565,GenX by HOK,GenX_by_HOK,0x5b29d4c6de73fa99ea53172689b7f62c99408e8d
673,Genzee,Genzee,0x201675fbfaaac3a51371e4c31ff73ac14cee2a5a
825,GhostsProject,GhostsProject,0xdf3407636bbf3a015a8e48a079ef7ba49e687fd3
811,Giving Bulls - Season 1,Giving_Bulls_-_Season_1,0x892cea42732cedb9217a829256f26a0bf52de7bf
662,Goat Society,Goat_Society,0x2f14f1b6c350c41801b2b7ba9445670d7e2ffc70
623,Goat Soup,Goat_Soup,0x608c2feb6b80993b26ffb6fa84f454ad3ac38bf0
667,Goobers,Goobers,0x000e49c87d2874431567d38ff9548890ab39baac
258,Goons,Goons,0x8442dd3e5529063b43c69212d64d5ad67b726ea6
806,GossApeGirl,GossApeGirl,0x3bf447963c8d8bdf06751528de40efb0849f3037
68,GotRekt,GotRekt,0x2ae61706433a65c5776e7bcbc94c3ef7422f84db
189,Great Ape Society,Great_Ape_Society,0xa0f38233688bb578c0a88102a95b846c18bc0ba7
363,Guardians of the Metaverse,Guardians_of_the_Metaverse,0x62cdaf466511888792c8c413239baa70f57f1654
646,Guppy Gang,Guppy_Gang,0xbe0d6bc297d85a41a75173932e9db9c19ddda523
460,Gutter Dogs,Gutter_Dogs,0x6e9da81ce622fb65abf6a8d8040e460ff2543add
317,G’EVOLs,G’EVOLs,0x34b4df75a17f8b3a6eff6bba477d39d701f5e92c
574,Habbo Avatars,Habbo_Avatars,0x8a1bbef259b00ced668a8c69e50d92619c672176
64,Happies,Happies,0xefb4f583b2b6f0e8c658dd7675e356d8a30ac7ff
373,HolyCows,HolyCows,0xc196ae96170c58eb7b78c917298064ce7192f046
871,House Of Legends,House_Of_Legends,0x8c714199d2ea08cc1f1f39a60f5cd02ad260a1e3
668,House of Warlords,House_of_Warlords,0x8d2071a02608f337baae8da64f93b37abd6bde39
651,Hungry Wolves,Hungry_Wolves,0x13d66dbace34218fddaf50f7057092a43507adef
876,Hunnys,Hunnys,0x5dfeb75abae11b138a16583e03a2be17740eaded
782,Illuminati,Illuminati,0x26badf693f2b103b021c670c852262b379bbbe8a
705,Imps,Imps,0x3cd859effbb3375acde3e2941c7e8e833221dfb1
522,Jungle Freaks,Jungle_Freaks,0x7e6bc952d4b4bd814853301bee48e99891424de0
877,Junglebayapeclub,Junglebayapeclub,0xd37264c71e9af940e49795f0d3a8336afaafdda9
264,KIA,KIA,0x3f5fb35468e9834a43dca1c160c69eaae78b6360
1013,KILLABEARS,KILLABEARS,0xc99c679c50033bbc5321eb88752e89a93e9e83c5
936,KOKODI,KOKODI,0x1aaba8552d4e2fbfc99bc86f31f28788c7dc1218
48,Kahiru,Kahiru,0x0326b0688d9869a19388312df6805d1d72aab7bc
770,KaijuKingz,KaijuKingz,0x0c2e57efddba8c768147d1fdf9176a0a6ebd5d83
931,Kamitribe,Kamitribe,0x14c82e83490fe667cdda3c31b3b9db090899f87d
967,Killer GF,Killer_GF,0x6be69b2a9b153737887cfcdca7781ed1511c7e36
732,Kindergarten BabyApes,Kindergarten_BabyApes,0x45359616610a584cc39aecdcbb2a457976780023
451,KingFrogs,KingFrogs,0xd668a2e001f3385b8bbc5a8682ac3c0d83c19122
0,Koripo by Rich Poole,Koripo_by_Rich_Poole,0x1e725bcc09ad221d35af5adeda404fb2147b43fa
17,KumaVerse,KumaVerse,0x6cc8e06d647883868f2d3149b0ea0734fd67f3e4
773,Laid Back Llamas,Laid_Back_Llamas,0x40a0f793ccfd9bc6f2532d06d022be0f978ecbf3
59,Layers,Layers,0xa9248a0935eb476cfe2f286df813a48d06ffd2e2
592,Lazy Bunny NFT,Lazy_Bunny_NFT,0x8dd92dd186f05e3e9f1844cd9047617adad8a66d
199,Lazy Lions,Lazy_Lions,0x8943c7bac1914c9a7aba750bf2b6b09fd21037e0
700,LightCultCryptoClub,LightCultCryptoClub,0xbe85fbd182af91290be7293438ae67549638189f
848,Lil Heroes,Lil_Heroes,0xd78b76fcc33cd416da9d3d42f72649a23d7ac647
674,Little Lemon Friends,Little_Lemon_Friends,0x0b22fe0a2995c5389ac093400e52471dca8bb48a
1032,Lives of Asuna,Lives_of_Asuna,0xaf615b61448691fc3e4c61ae4f015d6e77b6cca8
13,Lofi Originals,Lofi_Originals,0xd62899a44ddd9c57a5320d86c421123f8ec4c6bf
879,Long Lost,Long_Lost,0x1347a97789cd3aa0b11433e8117f55ab640a0451
32,Loomi Heads,Loomi_Heads,0x0e5b1348bddc08b24efb3cca4f2a519da305cd4f
411,Loopy Donuts,Loopy_Donuts,0x2106c00ac7da0a3430ae667879139e832307aeaa
1005,Los Muertos,Los_Muertos,0xc878671ff88f1374d2186127573e4a63931370fc
708,Lucky Zeros NFT,Lucky_Zeros_NFT,0xb6fb14caa60a6b576860959f12aa2d3a8089caa9
642,M101Shelter,M101Shelter,0x10a0cf0fd3b9b2d575d78130b29d61252313423e
758,METAPRENEURS,METAPRENEURS,0x4feec948eb3d6a2eb37560d4b2c16f1c9fe72ef6
1010,MOAR by Joan Cornella,MOAR_by_Joan_Cornella,0xeb3a9a839dfeeaf71db1b4ed6a8ae0ccb171b227
23,MUSHEEZ,MUSHEEZ,0x20afd338ae17b79f1c8ac36b4d4f16ec61d8647c
630,MUTANT PUNKS CITY,MUTANT_PUNKS_CITY,0xd1146680ae5a4d71f68accb6610030ced7e7afe1
266,Mad Banana Union,Mad_Banana_Union,0x7eba76cc3f0ffb89d6a9eed8f50e3db0cd445852
492,MadRabbitsRiotClub,MadRabbitsRiotClub,0x57fbb364041d860995ed610579d70727ac51e470
832,Marine Marauderz,Marine_Marauderz,0x7c770076e40b55bccf441074ed57dce00616cda0
80,Meebits,Meebits,0x7bd29408f11d2bfc23c34f18275bbf23bb716bc7
709,MekaApeClub,MekaApeClub,0x977dc06b51e14277a5ac047b44c78dbcc60a372b
500,MekaVerse,MekaVerse,0x9a534628b4062e123ce7ee2222ec20b86e16ca8f
606,Merry Modz,Merry_Modz,0x1dcbc2a155fc62b8efa84d2759b23f29b0c7a335
999,Meta Eagle Club,Meta_Eagle_Club,0xeb6dffb87315a2bdf4dedf72b993adc960773a0d
631,MetaGeckos Genesis,MetaGeckos_Genesis,0xb5068f4f23ce76f6f9e789e39b390de176a21e7f
506,MetaHelmet,MetaHelmet,0xbd888e50969748805cdf77bcf283febe493f190c
740,MetaHero,MetaHero,0x6dc6001535e15b9def7b0f6a20a2111dfa9454e2
602,MetaTravelers: Nibiru,MetaTravelers:_Nibiru,0x5372f926b34be60ac1436372107c3ee8c6e056e5
598,MetaVillains,MetaVillains,0x6fbbc8977616e0425911c69d72e12d32a5865560
766,Metafans Collection,Metafans_Collection,0x6250b989ecf7cb82c7892e1cea604ed813423635
779,Metagreys,Metagreys,0xe86f00192b5e2849104bcc5280a169c654418918
949,Metagreys 2,Metagreys_2,0x0527db4b6522d275620191b4695ffb65a8ede02a
505,Metasaurs,Metasaurs,0xf7143ba42d40eaeb49b88dac0067e54af042e963
802,MetasaursPunks,MetasaursPunks,0x141ac2e83ae16a275275a00517aa380c75512850
71,MiladyAura,MiladyAura,0x2fc722c1c77170a61f17962cc4d039692f033b43
4,Mind the Gap by MountVitruvius,Mind_the_Gap_by_MountVitruvius,0x0e42ffbac75bcc30cd0015f8aaa608539ba35fbb
7,Mindblowon,Mindblowon,0xcb2411c2b914b000ad13c86027222a797983ef2d
982,Mini Supers,Mini_Supers,0xe935e764da0f1a2597f9c1bf13a64515bff9f7d7
721,MinitaursReborn,MinitaursReborn,0xfa10661c28f309b88aecf14d9ab8f24764d6b10d
612,Monaco Planet,Monaco_Planet,0x21bf3da0cf0f28da27169239102e26d3d46956e5
718,MonsterShelter,MonsterShelter,0x79e0f1936b3f15a9e8dd514a3ec01034c0d9fcc6
837,Moon Ape Lab,Moon_Ape_Lab,0x34c4eba1966b502dfcf0868b6f271d85cc8a2312
18,Moonbears,Moonbears,0x3b8420eb6ef77bc25025b32d8205cde2683f979e
1,Moonbirds At Home,Moonbirds_At_Home,0x4ecd988f2861e479f7eb2e94bbb48709b9a2cb5b
40,Moonlings,Moonlings,0x8e70fe95a09dc14825c52c700c5fe18ba2f1b8de
50,MoonrayTheFoundationCollection,MoonrayTheFoundationCollection,0xa178a73f6e215531047d3486f8edc68d14548f6b
898,More Than Gamers,More_Than_Gamers,0x49907029e80de1cbb3a46fd44247bf8ba8b5f12f
901,Moshi Mochi,Moshi_Mochi,0x5a0d4479aed030305a36a1fb516346d533e794fb
1014,MutantAlienApeYachtClub,MutantAlienApeYachtClub,0xd4f40de30ce845ce6cd3ea495c9c2e4f04a2f608
596,MutantCats,MutantCats,0xaadba140ae5e4c8a9ef0cc86ea3124b446e3e46a
838,My Homies In Dreamland,My_Homies_In_Dreamland,0xf22da0424d1dfd70099d30941bbaf35e7f986f1d
684,My Pet Hooligan,My_Pet_Hooligan,0x09233d553058c2f42ba751c87816a8e9fae7ef10
881,NFT Gurus,NFT_Gurus,0xac3d871d3431847bdff9eebb42eb51ae06e131c3
829,NFT NINJAS,NFT_NINJAS,0xb63ce3ac885a3318fc2e563fdb190e9a5dda5b33
713,Nanopass,Nanopass,0xf54cc94f1f2f5de012b6aa51f1e7ebdc43ef5afc
459,NiftyDegen,NiftyDegen,0x986aea67c7d6a15036e18678065eb663fc5be883
45,Night Owls,Night_Owls,0xac9db91e958d418bf83781ecadf0431601c48193
594,Ninja Squad,Ninja_Squad,0x8c186802b1992f7650ac865d4ca94d55ff3c0d17
712,No Brainers,No_Brainers,0xb53e77f27be2815b3f2bccfaa3a86d98b9c19ddb
875,Non Fungible Fungi,Non_Fungible_Fungi,0x90ee3cf59fcde2fe11838b9075ea4681462362f1
749,Non-Fungible Aliens,Non-Fungible_Aliens,0x17a3770e1c07f246c89b8b54b40d0a883d734fb9
951,Not Your Bro,Not_Your_Bro,0x7c87b6ff9c2ec3466c6fac9b89bb58a4bf12a5bb
432,Notorious Frogs,Notorious_Frogs,0xa4d5fb4ff0fa1565fb7d8f5db88e4c0f2f445046
745,NounPunks,NounPunks,0xe169c2ed585e62b1d32615bf2591093a629549b6
839,Nudie Community,Nudie_Community,0x89bd11d1fba7906464fa11f3086fe8ba1b5368a1
536,OctoHedz,OctoHedz,0x6e5a65b5f9dd7b1b08ff212e210dcd642de0db8b
36,Oddstronauts,Oddstronauts,0xd00b34bab001fd78b93cdc0527a64af95a4792ba
1029,Okay Duck Yacht Club,Okay_Duck_Yacht_Club,0x36d7b711390d34e8fe26ad8f2bb14e7c8f0c56e9
390,OnChainMonkey,OnChainMonkey,0x960b7a6bcd451c9968473f7bbfd9be826efd549a
467,Outkast,Outkast,0x1c5ed03149b1fd5efe12828a660c7b892c111ba4
945,OxyaOriginProject,OxyaOriginProject,0xe106c63e655df0e300b78336af587f300cff9e76
893,PPASurrealestates,PPASurrealestates,0x6f3185b51a42e03a4f0eaaf37604ddd499ef9b12
789,PXQuest Adventurer,PXQuest_Adventurer,0x17ed38f5f519c6ed563be6486e629041bed3dfbc
561,PandaParadise,PandaParadise,0x24998f0a028d197413ef57c7810f7a5ef8b9fa55
634,Paradise Trippies,Paradise_Trippies,0x4ca4d3b5b01207ffce9bea2db9857d4804aa89f3
529,Party Ape Billionaire Club,Party_Ape_Billionaire_Club,0x5df340b5d1618c543ac81837da1c2d2b17b3b5d8
786,Party Grandpa Retirement Club,Party_Grandpa_Retirement_Club,0x60d9b4f9d85695274a5777537f204675082bd745
920,PeopleInThePlaceTheyLove,PeopleInThePlaceTheyLove,0x496a2d17a89cbc4248e9b52c8003a50c648fbca0
666,Pepsi Mic Drop,Pepsi_Mic_Drop,0xa67d63e68715dcf9b65e45e5118b5fcd1e554b5f
957,Persona Lamps,Persona_Lamps,0xa3b041ee6b56bccbc54a3048417d82fe67736f62
56,PharaGods,PharaGods,0xbe401896658fb7339762e8146db072bde126a55f
21,Pixelmon,Pixelmon,0x32973908faee0bf825a343000fe412ebe56f802a
52,PixieJars,PixieJars,0xea508034fcc8eeff24bf43effe42621008359a2e
5,Plasticity by p4stoboy,Plasticity_by_p4stoboy,0x65d8b2bf930a0015028efcaee5af7bf61b90b76f
578,Pogpunks,Pogpunks,0x1e1744ffd69296765f0447e88ac38be74a4ead13
850,Pop Art Cats,Pop_Art_Cats,0x1554f51f18f8e3fbe83e4442420e40efc57ff446
191,Pork1984,Pork1984,0x14a2dff3b2fb4dffa35b2006e84bf1cbb0ac4bba
797,Prime Ape Planet,Prime_Ape_Planet,0x6632a9d63e142f17a668064d41a21193b49b41a0
892,Prime Kong Planet,Prime_Kong_Planet,0x5845e5f0571427d0ce33550587961262ca8cdf5c
947,PrimeEternalChampion,PrimeEternalChampion,0x13d15d8b7b2bf48cbaf144c5c50e67b6b635b5cd
690,Private Jet Pyjama Party,Private_Jet_Pyjama_Party,0x3598fff0f78dd8b497e12a3ad91febcfc8f49d9e
656,Project3333,Project3333,0xc5fd1f4dcc8678c5cf5820e096b6db0a10aeeed1
729,Psychedelics Anonymous Genesis,Psychedelics_Anonymous_Genesis,0x75e95ba5997eb235f40ecf8347cdb11f18ff640b
161,PudgyPenguins,PudgyPenguins,0xbd3531da5cf5857e7cfaa92426877b022e612cf8
138,Purrnelopes Country Club,Purrnelopes_Country_Club,0x9759226b2f8ddeff81583e244ef3bd13aaa7e4a1
579,Rabbitars,Rabbitars,0x65c234d041f9ef96e2f126263727dfa582206d82
628,Radioactive Punks,Radioactive_Punks,0x073ca28e04719c05a5a48c1d992091b4075a0f84
563,Rare Ghost Club,Rare_Ghost_Club,0x00fa82ea9be4e24ec6d7ed86ef93bfe85b9a3e68
262,Ready Player Cat NFT,Ready_Player_Cat_NFT,0xcdb7c1a6fe7e112210ca548c214f656763e13533
812,Rebel Society,Rebel_Society,0x8cd3cea52a45f30ed7c93a63fb2b5c13b453d5a1
28,Regenz,Regenz,0xafd867667ec6d2be5bdcd41d76da7e96a1f67f18
39,Regulars,Regulars,0x6d0de90cdc47047982238fcf69944555d27ecb25
63,Rektguy,Rektguy,0xb852c6b5892256c264cc2c888ea462189154d8d7
843,Rengoku,Rengoku,0xbaeec315f9d7f8db2645edfd5633360f152279bc
34,RevX,RevX,0x87dcb78443f9814e300f5dafe8eaf46a34832742
997,Robomito,Robomito,0xcf76932ad61672d7719f90c1600f7b9acbf32baf
686,Robopets,Robopets,0x4e962d488412a14aa37eacadcb83f18c7e2271a7
175,Robotos,Robotos,0x099689220846644f87d1137665cded7bf3422747
787,RooTroop,RooTroop,0x928f072c009727fbad81bbf3aaa885f9fea65fcf
742,Rowdy Roos,Rowdy_Roos,0xca49b939ad0b0b148fa61641d799e7777ad2e5db
167,RumbleKongLeague,RumbleKongLeague,0xef0182dc0574cd5874494a120750fd222fdb909a
547,SHIBOSHIS,SHIBOSHIS,0x11450058d796b02eb53e65374be59cff65d3fe7f
511,STARCATS,STARCATS,0x376588763a9b0ead13b43db3f6fdb3be70eb4b1c
887,STARKADE,STARKADE,0x5d2bf3b4264efade95fc89348f1367fca0552861
864,Sacred Skulls,Sacred_Skulls,0xcf514faa49cb3133275eb4c9420e4161970ee806
410,Sad Girls Bar,Sad_Girls_Bar,0x335eeef8e93a7a757d9e7912044d9cd264e2b2d8
759,Samurai Saga,Samurai_Saga,0x345c2fa23160c63218dfaa25d37269f26c85ca47
741,SamuraiCats by Hiro Ando,SamuraiCats_by_Hiro_Ando,0xc8d2bf842b9f0b601043fb4fd5f23d22b9483911
532,SamuraiDoge,SamuraiDoge,0x8af7abb1c69bf0a8d3b49b252fff2843596504a2
724,Sand Vegas Casino Club,Sand_Vegas_Casino_Club,0x71d106ba5283260467a3caff59de9e5bceb9f444
378,Savage Droids,Savage_Droids,0xa6794dec66df7d8b69752956df1b28ca93f77cd7
860,Seabums,Seabums,0xfaa2ba39e9d988936a5bfed5690dfc9ca570c124
890,SemiSupers,SemiSupers,0xac87febdf7ef7d5f930497cafab9c25d35b932f9
944,Senior Ape Golf Club,Senior_Ape_Golf_Club,0x50cea23c192d26deb1f02083a02c0ed82375e676
344,Sevens Token,Sevens_Token,0xf497253c2bb7644ebb99e4d9ecc104ae7a79187a
290,Shabu Town Shibas,Shabu_Town_Shibas,0x743f80dc76f862a27598140196cc610006b2be68
750,Shiba Shelter,Shiba_Shelter,0x15a0995025ce062c9511eb483749b68d7363fdbd
1002,Shinobi Bunny,Shinobi_Bunny,0x9716f1c25d9192a09296982017f900e55721585e
55,ShinseiGalverse,ShinseiGalverse,0x582048c4077a34e7c3799962f1f8c5342a3f4b12
702,Shopverse,Shopverse,0x1720d3a3984c75e6514316c5aec903651e4abe28
346,Sipher INU,Sipher_INU,0x9c57d0278199c931cf149cc769f37bb7847091e7
587,Sipher NEKO,Sipher_NEKO,0x09e0df4ae51111ca27d6b85708cfb3f1f7cae982
689,Sketchy Ape Book Club,Sketchy_Ape_Book_Club,0xadc28cac9c1d53cc7457b11cc9423903dc09dddc
582,Skullx,Skullx,0x1dc5d3b2162f9500d7ddec14eb0ba9ccb43bc20c
543,Sneaky Bat Syndicate,Sneaky_Bat_Syndicate,0xee0ba89699a3dd0f08cb516c069d81a762f65e56
370,Sneaky Vampire Syndicate,Sneaky_Vampire_Syndicate,0x219b8ab790decc32444a6600971c7c3718252539
955,Sneaky Vampiress Syndicate,Sneaky_Vampiress_Syndicate,0xea745b608b2b61987785e87279db586f328eb8fc
614,Society of Derivative Apes,Society_of_Derivative_Apes,0xb184b9414e7d7c436b7097ed2c774bb56fae392f
11,Something Token,Something_Token,0x05e7f2499ff153fea2f20bbde0b5584c911c0af1
576,Sonar Moji,Sonar_Moji,0x4ba9e93337235a5a3e85abb77a7ef2898cff0608
746,SpikySpaceFish United,SpikySpaceFish_United,0x4503e3c58377a9d2a9ec3c9ed42a8a6a241cb4e2
841,Squarmies,Squarmies,0x259770ce31890a1d7b64fd93266f0d735b1a26ba
917,Squishiverse,Squishiverse,0x67421c8622f8e38fe9868b4636b8dc855347d570
678,Squishy Squad,Squishy_Squad,0x792496a3f678187e59e1d1d5e075799cd1e124c2
43,Stoned Nouns,Stoned_Nouns,0x551e8866512183c35176752741cfd3ce9e3a6c0e
154,Stoner Cats,Stoner_Cats,0xd4d871419714b778ebec2e22c7c53572b573706e
324,Stranger EggZ,Stranger_EggZ,0xeba596f75b5b9f42ba75cf05912217134cb0d7c8
863,SuperGeisha,SuperGeisha,0x2afb30418504d3c6ecfa2cb40012804e52ced20a
719,Superlative Apes,Superlative_Apes,0x1e87ee9249cc647af9edeecb73d6b76af14d8c27
493,Superlative Secret Society,Superlative_Secret_Society,0xa7ee407497b2aeb43580cabe2b04026b5419d1dc
625,Swampverse,Swampverse,0x95784f7b5c8849b0104eaf5d13d6341d8cc40750
820,Swipa The Fox,Swipa_The_Fox,0x574ee20beb697c4870226671b8e1e30b6b64c755
8,TakeoutNFT,TakeoutNFT,0xbf0ac9fb59cca8495d9c77d4b766b432f6c60b77
814,Teen Ape Gang,Teen_Ape_Gang,0x79cad37ab9bf752d0ef151355a3eeddf081548ea
996,Tennis Champs Genesis Series,Tennis_Champs_Genesis_Series,0xc71a0306a0a628c616dac42097bdc21ecdbc5d9d
41,The Forgotten Cult Oracles,The_Forgotten_Cult_Oracles,0xd450b8f443ffbb76300d4fa10a1900f61b273b31
510,The Heart Project,The_Heart_Project,0xce50f3ca1f1dbd6fa042666bc0e369565dda457d
456,The Humanoids ,The_Humanoids_,0x3a5051566b2241285be871f650c445a88a970edd
805,The Indifferent Duck,The_Indifferent_Duck,0xfac0b889703ab4db3426ef67d437bee3408941ac
556,The ModZ,The_ModZ,0x50e712b3a260d7639179e8277836253461418f23
19,The Plague,The_Plague,0x8c3fb10693b228e8b976ff33ce88f97ce2ea9563
785,The Rebels,The_Rebels,0x98ce7effebd16f58c7dd48fe842316cd1ca0be4b
835,The Royal Cubs,The_Royal_Cubs,0x0974e6c435c18ddfbbc1f500ede24f99c3cf07f2
836,The Shark Mob,The_Shark_Mob,0x0823c8d1789bcb472c16a60bb9ab317c2647d2b5
468,The Surreals,The_Surreals,0xa406489360a47af2c74fc1004316a64e469646a5
855,The Tiger Archives,The_Tiger_Archives,0xeb6600e62c24d17734c1807414a9159b116c9520
912,The Valkyries NFT,The_Valkyries_NFT,0xc850d7e5aa630f18ff5d786b3c75b3ef3646e012
620,The Wild Ape Gang,The_Wild_Ape_Gang,0x33383382c81cc169a10bc9e7383f59dea3639e1b
845,The Wild Bunch,The_Wild_Bunch,0xe9a1a323b4c8fd5ce6842edaa0cd8af943cbdf22
152,The WolfGang,The_WolfGang,0xc269bdd2975a3d5b23b315dd83b82fdfbf4ac4d9
24,TheLastSamurais,TheLastSamurais,0x87517d07c151ae4f2bba98b1bcad8260bcdefc6a
583,ThorGuards,ThorGuards,0xa98b29a8f5a247802149c268ecf860b8308b7291
681,Toddlerpillars,Toddlerpillars,0xd6f817fa3823038d9a95b94cb7ad5468a19727fe
615,Toy Boogers,Toy_Boogers,0xbf662a0e4069b58dfb9bcebebae99a6f13e06f5a
542,TwoBitBears,TwoBitBears,0x8ed25b735a788f4f7129db736fc64f3a241137b8
751,Typical Tigers,Typical_Tigers,0xf4744ec5d846f7f1a0c5d389f590cc1344ed3fcf
70,UNSEEN UNIVERSE,UNSEEN_UNIVERSE,0xff1f1a1125184c5ad03a508ee210dc5ef3741b09
605,Uncool Cats,Uncool_Cats,0x5f9e300108fb156cfbe21c48a870876e97745af9
176,UnitedPunksUnion,UnitedPunksUnion,0x4c91e6485651fbdc347af476e350e52d1b818408
212,VOX Series 1,VOX_Series_1,0xad9fd7cb4fc7a0fbce08d64068f60cbde22ed34c
697,VOX Series 2,VOX_Series_2,0xf76179bb0924ba7da8e7b7fc2779495d7a7939d8
15,VeeFriends Series 2,VeeFriends_Series_2,0x9378368ba6b85c1fba5b131b530f5f5bedf21a18
67,Verb,Verb,0x018befb7d1f3e84948466ef15cc46baf9ba5295f
979,Villagers of XOLO,Villagers_of_XOLO,0x0000000005756b5a03e751bd0280e3a55bc05b6e
608,Voxel Ville,Voxel_Ville,0x31c823260528ba98e3bf797b2add2302af097392
983,W.O.S. Club Sharks,W.O.S._Club_Sharks,0x8ba03be70dd895fe89df965dcf4992287208e5ed
804,WVRPS by Warpsound,WVRPS_by_Warpsound,0xcbc67ea382f8a006d46eeeb7255876beb7d7f14d
233,Wanderers,Wanderers,0x8184a482a5038b124d933b779e0ea6e0fb72f54e
473,WannaPanda,WannaPanda,0xe4a3cbfa0b27db2def20bfba80905515b0855e54
932,Wasted Whales: Afterparty,Wasted_Whales:_Afterparty,0x0cdc3052f7a13634ed1f30abae4b92953dd35fa6
900,WastedWhales,WastedWhales,0x757f0e9e8a4f84650ae94caab516a00fd7fb2961
650,Wavelength,Wavelength,0x68930072647a0d79e601d5ee3914833ae9148247
577,Wicked Monsters,Wicked_Monsters,0x0b35406f0215422ae1fd33560f11e92799150ad6
958,Wild Goat Gang,Wild_Goat_Gang,0xd151bbc88db8a7803a2ca7a9722037abdaca9b8e
429,WinterBears,WinterBears,0xc8bcbe0e8ae36d8f9238cd320ef6de88784b1734
661,Wobblebug,Wobblebug,0x58f57c3818d864c93e10d51ee39ea1a4ca75d2e5
51,Women From Venus,Women_From_Venus,0xc0423cd6d1e19d21f1f031895867e4ca36a14af3
31,Women Unite - 10k Assemble,Women_Unite_-_10k_Assemble,0xbee7cb80dfd21a9eaae714208f361601f68eb746
555,Women and Weapons,Women_and_Weapons,0x338866f8ba75bb9d7a00502e11b099a2636c2c18
469,Woodie,Woodie,0x134460d32fc66a6d84487c20dcd9fdcf92316017
155,World Of Women,World_Of_Women,0xe785e82358879f061bc3dcac6f0444462d4b5330
991,World Of Women Galaxy,World_Of_Women_Galaxy,0xf61f24c2d93bf2de187546b14425bf631f28d6dc
685,XOiDs,XOiDs,0x12bb5bf8a166098e1839d3f1396d73ac3fe42926
1008,YEAR OF THE WOMAN,YEAR_OF_THE_WOMAN,0x3c7b5b7ea8e7c7ce8297bac167feb97bf5a1ad98
458,Yakuza Cats Society,Yakuza_Cats_Society,0x454cbc099079dc38b145e37e982e524af3279c44
801,Yokai Kingdom,Yokai_Kingdom,0x35b0ecc952cef736c12a7ef3a830f438f67912b3
65,ZenApe,ZenApe,0x838804a3dd7c717396a68f94e736eaf76b911632
635,apekidsclub,apekidsclub,0x9bf252f97891b907f002f2887eff9246e3054080
62,goblintown,goblintown,0xbce3781ae7ca1a5e050bd9c4c77369867ebc307e
46,illogics,illogics,0x8ee5dd62a654a60f6f17a99d544102f37b58da26
1034,inBetweeners,inbetweeners,0x94638cbf3c54c1f956a5f05cbc0f9afb6822020d
256,krazykoalas,krazykoalas,0x8056ad118916db0feef1c8b82744fa37e5d57cc0
654,lobsterdao,lobsterdao,0x026224a2940bfe258d0dbe947919b62fe321f042
30,mems,mems,0x745fc083f4336a4151c76de9f598e0f67991c3fa
933,mfer chicks,mfer_chicks,0xda858c5183e9024c0d5301ee85ae1e41dbe0f880
14,projectPXN,projectPXN,0x160c404b2b49cbc3240055ceaee026df1e8497a0
694,the pixels,the_pixels,0x7ff2a00ff543f913b76010a05b5446e36d403675
27,tiny dinos,tiny_dinos,0xd9b78a2f1dafc8bb9c60961790d2beefebee56f4
332,uwucrew,uwucrew,0xf75140376d246d8b1e5b8a48e3f00772468b3c0c
